{"stats":{"minecraft:used":{"minecraft:dirt":5,"minecraft:baked_potato":2},"minecraft:picked_up":{"minecraft:wheat_seeds":2,"tconstruct:materials_and_you":1,"minecraft:dirt":8,"minecraft:string":1},"minecraft:crafted":{"minecraft:air":0,"minecraft:baked_potato":2},"minecraft:mined":{"minecraft:grass":9,"minecraft:glass_pane":1,"minecraft:dirt":5,"minecraft:packed_ice":1},"minecraft:custom":{"minecraft:time_since_rest":4601,"minecraft:open_chest":3,"minecraft:interact_with_furnace":5,"minecraft:crouch_one_cm":45,"minecraft:play_time":4601,"minecraft:sprint_one_cm":17372,"minecraft:damage_taken":20,"minecraft:walk_one_cm":4544,"minecraft:sneak_time":23,"minecraft:drop":6,"minecraft:jump":145,"minecraft:damage_dealt":15,"minecraft:leave_game":1,"minecraft:time_since_death":4601,"minecraft:total_world_time":4601,"minecraft:fall_one_cm":6968,"minecraft:fly_one_cm":42974},"minecraft:dropped":{"minecraft:dirt":3,"minecraft:wheat_seeds":2,"tconstruct:materials_and_you":1}},"DataVersion":2975}