{"stats":{"minecraft:crafted":{"minecraft:pumpkin_seeds":12},"minecraft:picked_up":{"minecraft:arrow":2,"minecraft:bone":1,"minecraft:pumpkin":3,"minecraft:bowl":2,"minecraft:porkchop":1,"minecraft:dirt":5},"minecraft:mined":{"minecraft:grass":2,"minecraft:grass_block":3,"minecraft:dirt":2,"minecraft:pumpkin":3},"minecraft:dropped":{"minecraft:bowl":2},"minecraft:custom":{"minecraft:open_chest":1,"minecraft:time_since_rest":1549,"minecraft:interact_with_smithing_table":4,"minecraft:play_time":3465,"minecraft:crouch_one_cm":447,"minecraft:interact_with_furnace":2,"minecraft:sprint_one_cm":16461,"minecraft:damage_taken":160,"minecraft:walk_one_cm":10068,"minecraft:sneak_time":141,"minecraft:mob_kills":1,"minecraft:drop":2,"minecraft:jump":100,"minecraft:damage_dealt":4,"minecraft:leave_game":1,"minecraft:time_since_death":3465,"minecraft:sleep_in_bed":1,"minecraft:interact_with_smoker":2,"minecraft:total_world_time":3465,"minecraft:fall_one_cm":2893,"minecraft:fly_one_cm":24724},"minecraft:used":{"minecraft:dirt":5,"minecraft:porkchop":1,"minecraft:beetroot_soup":1}},"DataVersion":2975}