{"stats":{"minecraft:used":{"minecraft:sugar_cane":4,"minecraft:rotten_flesh":1,"minecraft:dirt":21,"minecraft:porkchop":1,"minecraft:snowball":6,"minecraft:beetroot_soup":1},"minecraft:picked_up":{"minecraft:pumpkin":3,"tconstruct:materials_and_you":1,"minecraft:bowl":3,"minecraft:gravel":4,"minecraft:porkchop":3,"minecraft:flint":1,"minecraft:dirt":21,"minecraft:rotten_flesh":1,"minecraft:arrow":4,"minecraft:bone":2,"minecraft:wheat_seeds":1,"minecraft:sugar_cane":13,"minecraft:snowball":26},"minecraft:killed_by":{"minecraft:skeleton":1,"minecraft:stray":2,"minecraft:creeper":2,"minecraft:zombie":4},"minecraft:killed":{"minecraft:zombie":1,"minecraft:pig":1,"minecraft:stray":1},"minecraft:crafted":{"minecraft:pumpkin_seeds":12},"minecraft:mined":{"minecraft:ice":1,"minecraft:pumpkin":3,"minecraft:grass":10,"minecraft:grass_block":12,"minecraft:dirt_path":4,"minecraft:dirt":5,"minecraft:sugar_cane":2,"minecraft:fern":1},"minecraft:custom":{"minecraft:time_since_rest":2318,"minecraft:interact_with_smithing_table":4,"minecraft:interact_with_furnace":2,"minecraft:sprint_one_cm":51413,"minecraft:damage_taken":2420,"minecraft:walk_one_cm":35720,"minecraft:mob_kills":4,"minecraft:drop":6,"minecraft:damage_dealt":501,"minecraft:fly_one_cm":118377,"minecraft:open_chest":1,"minecraft:crouch_one_cm":2596,"minecraft:bell_ring":2,"minecraft:play_time":14094,"minecraft:deaths":9,"minecraft:sneak_time":1016,"minecraft:jump":460,"minecraft:leave_game":5,"minecraft:time_since_death":2293,"minecraft:walk_on_water_one_cm":20,"minecraft:sleep_in_bed":1,"minecraft:total_world_time":14094,"minecraft:interact_with_smoker":2,"minecraft:fall_one_cm":17604},"minecraft:dropped":{"tconstruct:materials_and_you":1,"minecraft:bowl":3,"minecraft:arrow":1,"minecraft:bone":1}},"DataVersion":2975}